dataset,model,status,seed_num,MAE_mean,MAE_std,R2_mean,R2_std,RMSE_mean,RMSE_std,SMAPE_mean,SMAPE_std,Time_mean,Time_std,log_file,source,target,target_display,train_pct,model_family,tier
matbench_ys_rs50,catboost,OK,5,101.067384,2.27976482,0.787128574,0.00630622573,140.583822,2.07041478,7.1997657,0.175061313,16.36513162,2.58999711,results/logs_open/matbench_ys_rs50__catboost.log,matbench_steels,YS,Yield Strength,50,Classical,open
matbench_ys_rs50,ftt,OK,5,190.937469,49.9426291,0.156544951,0.328454749,271.106388,69.4835059,13.0340949,3.24180476,6.52460108,9.01465767,results/logs_open/matbench_ys_rs50__ftt.log,matbench_steels,YS,Yield Strength,50,Deep,open
matbench_ys_rs50,lightgbm,OK,5,88.3477497,0.062082892,0.82918096,0.000195679937,125.948158,0.0721303844,6.27746226,0.00486679174,2.91449594,0.68885526,results/logs_open/matbench_ys_rs50__lightgbm.log,matbench_steels,YS,Yield Strength,50,Classical,open
matbench_ys_rs50,limix,OK,5,83.9598672,0.4886899,0.859699935,0.00267383664,114.138718,1.08728404,6.02582604,0.0342083157,1.74181852,0.679065388,results/logs_open/matbench_ys_rs50__limix.log,matbench_steels,YS,Yield Strength,50,TFM,open
matbench_ys_rs50,mitra,OK,5,94.606513,0.0,0.825179256,0.0,127.414905,0.0,6.71795283,0.0,0.597347546,0.434619089,results/logs_open/matbench_ys_rs50__mitra.log,matbench_steels,YS,Yield Strength,50,TFM,open
matbench_ys_rs50,mlp,OK,5,96.418833,3.19379134,0.815936981,0.00995113503,130.691091,3.55972338,6.73296804,0.222944031,15.4848048,7.21297235,results/logs_open/matbench_ys_rs50__mlp.log,matbench_steels,YS,Yield Strength,50,Deep,open
matbench_ys_rs50,modernNCA,OK,5,103.125424,5.46534055,0.753528992,0.0356298369,150.903938,10.7838556,7.27332344,0.307509898,1.82727046,1.09240377,results/logs_open/matbench_ys_rs50__modernNCA.log,matbench_steels,YS,Yield Strength,50,Deep,open
matbench_ys_rs50,realmlp,OK,5,85.4472578,5.26718939,0.860660343,0.0149530264,113.597709,5.93313214,6.15108686,0.374067983,2.94390507,0.914306684,results/logs_open/matbench_ys_rs50__realmlp.log,matbench_steels,YS,Yield Strength,50,Deep,open
matbench_ys_rs50,resnet,OK,5,89.8604673,2.31278041,0.832106494,0.0121895915,124.782914,4.52673318,6.35338545,0.136695334,15.8957671,3.03026467,results/logs_open/matbench_ys_rs50__resnet.log,matbench_steels,YS,Yield Strength,50,Deep,open
matbench_ys_rs50,tabm,OK,5,110.203545,1.01533105,0.741441035,0.00429880832,154.948933,1.28625788,7.63624967,0.0779495699,45.3395041,6.56619601,results/logs_open/matbench_ys_rs50__tabm.log,matbench_steels,YS,Yield Strength,50,Deep,open
matbench_ys_rs50,tabpfn_v2,OK,5,84.0716555,1.65835871,0.865430694,0.00655453998,111.755796,2.69992617,5.98143422,0.123227838,3.68306503,6.56785949,results/logs_open/matbench_ys_rs50__tabpfn_v2.log,matbench_steels,YS,Yield Strength,50,TFM,open
matbench_ys_rs50,tabpfn_v3,OK,5,87.6169902,0.70192061,0.850349681,0.00334319036,117.878692,1.32094354,6.16447468,0.0457250156,0.813880444,0.364346562,results/logs_open/matbench_ys_rs50__tabpfn_v3.log,matbench_steels,YS,Yield Strength,50,TFM,open
matbench_ys_rs50,xgboost,OK,5,113.253665,4.15893651,0.693674603,0.0249312071,168.526851,6.73126567,7.95142903,0.32276275,0.68660564,0.48930704,results/logs_open/matbench_ys_rs50__xgboost.log,matbench_steels,YS,Yield Strength,50,Classical,open
matbench_ys_rs60,catboost,OK,5,109.575913,4.53622135,0.735499936,0.0205722443,151.587919,5.88778201,7.80598518,0.305233989,9.07703242,1.18890352,results/logs_open/matbench_ys_rs60__catboost.log,matbench_steels,YS,Yield Strength,60,Classical,open
matbench_ys_rs60,ftt,OK,5,209.527951,2.90221348,0.00714424149,0.033620425,293.87353,4.95203347,14.2707849,0.21156294,1.42518163,0.273617762,results/logs_open/matbench_ys_rs60__ftt.log,matbench_steels,YS,Yield Strength,60,Deep,open
matbench_ys_rs60,lightgbm,OK,5,99.8130187,0.015029937,0.735618142,6.19336371e-05,151.668315,0.0177639471,6.99969352,0.00103655797,4.70102992,2.92532214,results/logs_open/matbench_ys_rs60__lightgbm.log,matbench_steels,YS,Yield Strength,60,Classical,open
matbench_ys_rs60,limix,OK,5,85.4541036,1.05757351,0.824881398,0.00445667148,123.427109,1.55855704,6.07372046,0.0722822553,2.09915447,0.576089793,results/logs_open/matbench_ys_rs60__limix.log,matbench_steels,YS,Yield Strength,60,TFM,open
matbench_ys_rs60,mitra,OK,5,96.9466956,0.0,0.792568796,0.0,134.343322,0.0,6.90205764,0.0,0.606546831,0.418999638,results/logs_open/matbench_ys_rs60__mitra.log,matbench_steels,YS,Yield Strength,60,TFM,open
matbench_ys_rs60,mlp,OK,5,115.298719,7.46100707,0.713360022,0.0327976249,157.658949,9.141312,8.07989014,0.459125707,2.76129146,0.817118211,results/logs_open/matbench_ys_rs60__mlp.log,matbench_steels,YS,Yield Strength,60,Deep,open
matbench_ys_rs60,modernNCA,OK,5,112.174973,3.27073752,0.665014997,0.0117471567,170.696632,2.99347173,7.73390711,0.252933576,1.67708063,1.35068965,results/logs_open/matbench_ys_rs60__modernNCA.log,matbench_steels,YS,Yield Strength,60,Deep,open
matbench_ys_rs60,realmlp,OK,5,125.797651,11.3988927,0.681897108,0.0591153404,165.64625,15.4514093,8.93390222,0.722620205,3.56406465,0.379763106,results/logs_open/matbench_ys_rs60__realmlp.log,matbench_steels,YS,Yield Strength,60,Deep,open
matbench_ys_rs60,resnet,OK,5,118.314594,13.4518796,0.696106185,0.0608651534,161.776334,16.4177868,8.24796694,0.807635924,4.62346377,1.12267512,results/logs_open/matbench_ys_rs60__resnet.log,matbench_steels,YS,Yield Strength,60,Deep,open
matbench_ys_rs60,tabm,OK,5,211.016358,3.12561922,0.0484645309,0.0208216205,287.717086,3.14105564,14.3909495,0.217183602,3.41728854,0.588057516,results/logs_open/matbench_ys_rs60__tabm.log,matbench_steels,YS,Yield Strength,60,Deep,open
matbench_ys_rs60,tabpfn_v2,OK,5,82.3609427,1.08236978,0.834807105,0.00483868852,119.874674,1.76903923,5.83504008,0.0809623633,1.10242996,1.46497804,results/logs_open/matbench_ys_rs60__tabpfn_v2.log,matbench_steels,YS,Yield Strength,60,TFM,open
matbench_ys_rs60,tabpfn_v3,OK,5,83.5005993,0.879031411,0.809616122,0.00341008933,128.699443,1.15403659,5.89079155,0.0608320934,0.805148268,0.376323037,results/logs_open/matbench_ys_rs60__tabpfn_v3.log,matbench_steels,YS,Yield Strength,60,TFM,open
matbench_ys_rs60,xgboost,OK,5,124.569939,11.4859605,0.599584532,0.0751381695,185.7637,18.1963806,8.71238691,0.790303746,0.27633791,0.14772973,results/logs_open/matbench_ys_rs60__xgboost.log,matbench_steels,YS,Yield Strength,60,Classical,open
matbench_ys_rs70,catboost,OK,5,90.4958534,3.21759268,0.737555787,0.00598043654,134.479887,1.5286372,6.46989618,0.242782375,19.53089695,0.55492872,results/logs_open/matbench_ys_rs70__catboost.log,matbench_steels,YS,Yield Strength,70,Classical,open
matbench_ys_rs70,ftt,OK,5,177.304528,2.27606479,0.0962706803,0.00907404432,249.563239,1.25171431,12.2742907,0.164638614,8.18298469,3.93476331,results/logs_open/matbench_ys_rs70__ftt.log,matbench_steels,YS,Yield Strength,70,Deep,open
matbench_ys_rs70,lightgbm,OK,5,92.5953283,0.0186947798,0.723621319,2.15361948e-05,138.012734,0.00537725163,6.54718485,0.00142875463,8.31967754,4.90488364,results/logs_open/matbench_ys_rs70__lightgbm.log,matbench_steels,YS,Yield Strength,70,Classical,open
matbench_ys_rs70,limix,OK,5,74.9890852,0.70621027,0.815313597,0.00472531203,112.810222,1.45070896,5.26407205,0.0457692776,1.42896466,0.388203519,results/logs_open/matbench_ys_rs70__limix.log,matbench_steels,YS,Yield Strength,70,TFM,open
matbench_ys_rs70,mitra,OK,5,85.0574991,0.0,0.777660147,0.0,123.787145,0.0,6.0486705,0.0,0.560745049,0.350961095,results/logs_open/matbench_ys_rs70__mitra.log,matbench_steels,YS,Yield Strength,70,TFM,open
matbench_ys_rs70,mlp,OK,5,120.704139,15.0578599,0.593016155,0.113450049,165.869559,23.1489498,8.43535617,1.00720176,3.75583315,1.43883861,results/logs_open/matbench_ys_rs70__mlp.log,matbench_steels,YS,Yield Strength,70,Deep,open
matbench_ys_rs70,modernNCA,OK,5,100.719897,12.7475986,0.66076153,0.0903328315,151.455592,20.997629,6.92374687,0.843300091,5.41663642,3.80618974,results/logs_open/matbench_ys_rs70__modernNCA.log,matbench_steels,YS,Yield Strength,70,Deep,open
matbench_ys_rs70,realmlp,OK,5,94.601338,12.074711,0.779057618,0.0437924972,122.810971,12.0171334,6.78566253,0.835388012,3.71201987,1.1982174,results/logs_open/matbench_ys_rs70__realmlp.log,matbench_steels,YS,Yield Strength,70,Deep,open
matbench_ys_rs70,resnet,OK,5,88.8204194,1.77864175,0.784674916,0.0139723972,121.754847,3.9458174,6.30545025,0.159291189,8.57805667,3.65194156,results/logs_open/matbench_ys_rs70__resnet.log,matbench_steels,YS,Yield Strength,70,Deep,open
matbench_ys_rs70,tabm,OK,5,181.144937,0.998194564,0.0926658518,0.0092466066,250.060368,1.27575454,12.5587115,0.0703631985,4.6054225,0.478443562,results/logs_open/matbench_ys_rs70__tabm.log,matbench_steels,YS,Yield Strength,70,Deep,open
matbench_ys_rs70,tabpfn_v2,OK,5,75.628413,0.829703858,0.824045216,0.00506733406,110.10878,1.59355228,5.37168567,0.062580236,1.25783525,1.80507654,results/logs_open/matbench_ys_rs70__tabpfn_v2.log,matbench_steels,YS,Yield Strength,70,TFM,open
matbench_ys_rs70,tabpfn_v3,OK,5,75.0341695,0.511040311,0.835626651,0.0029485604,106.43028,0.952392793,5.31405254,0.0375732963,0.90116787,0.562023792,results/logs_open/matbench_ys_rs70__tabpfn_v3.log,matbench_steels,YS,Yield Strength,70,TFM,open
matbench_ys_rs70,xgboost,OK,5,95.079667,6.6409154,0.700110212,0.0391764247,143.448112,9.512969,6.71757992,0.502770906,0.24401217,0.12833823,results/logs_open/matbench_ys_rs70__xgboost.log,matbench_steels,YS,Yield Strength,70,Classical,open
matbench_ys_rs80,catboost,OK,5,77.1427771,5.83462026,0.75419381,0.0263556534,104.823093,5.59248186,5.66981366,0.416088537,13.27842736,5.90391087,results/logs_open/matbench_ys_rs80__catboost.log,matbench_steels,YS,Yield Strength,80,Classical,open
matbench_ys_rs80,ftt,OK,5,95.6155191,7.83920628,0.535105496,0.0576192048,144.090585,8.85950186,6.85217411,0.579581455,22.8440019,6.42746633,results/logs_open/matbench_ys_rs80__ftt.log,matbench_steels,YS,Yield Strength,80,Deep,open
matbench_ys_rs80,lightgbm,OK,5,82.8752745,0.0274536192,0.630175814,7.31333837e-05,128.758357,0.0127313146,5.93573873,0.00184582764,3.4003943,0.41998029,results/logs_open/matbench_ys_rs80__lightgbm.log,matbench_steels,YS,Yield Strength,80,Classical,open
matbench_ys_rs80,limix,OK,5,70.4958252,0.595443918,0.719149249,0.00619117868,112.199087,1.23362019,5.03602207,0.0413118341,1.78244472,0.569293701,results/logs_open/matbench_ys_rs80__limix.log,matbench_steels,YS,Yield Strength,80,TFM,open
matbench_ys_rs80,mitra,OK,5,72.5596332,0.0,0.719496354,0.0,112.136508,1.42108547e-14,5.27925516,0.0,0.60740447,0.424202422,results/logs_open/matbench_ys_rs80__mitra.log,matbench_steels,YS,Yield Strength,80,TFM,open
matbench_ys_rs80,mlp,OK,5,80.1100554,2.29169263,0.712398212,0.0151143874,113.507346,2.97974091,5.92029156,0.164878602,13.488655,1.86648011,results/logs_open/matbench_ys_rs80__mlp.log,matbench_steels,YS,Yield Strength,80,Deep,open
matbench_ys_rs80,modernNCA,OK,5,73.581267,11.0189996,0.66588856,0.149298153,119.839959,24.8222697,5.35356576,0.690136064,1.55225244,0.606840107,results/logs_open/matbench_ys_rs80__modernNCA.log,matbench_steels,YS,Yield Strength,80,Deep,open
matbench_ys_rs80,realmlp,OK,5,96.1887567,8.41907644,0.61864252,0.0708498278,130.239544,11.5497907,6.94481412,0.636927334,3.1378912,0.63105432,results/logs_open/matbench_ys_rs80__realmlp.log,matbench_steels,YS,Yield Strength,80,Deep,open
matbench_ys_rs80,resnet,OK,5,78.6525302,4.85501877,0.733139473,0.0272592031,109.226342,5.70966591,5.83824497,0.304974967,4.63609171,0.644053289,results/logs_open/matbench_ys_rs80__resnet.log,matbench_steels,YS,Yield Strength,80,Deep,open
matbench_ys_rs80,tabm,OK,5,98.7843475,1.58441184,0.588814423,0.0137212536,135.749145,2.24923902,7.24832431,0.115077747,32.3771657,4.89290084,results/logs_open/matbench_ys_rs80__tabm.log,matbench_steels,YS,Yield Strength,80,Deep,open
matbench_ys_rs80,tabpfn_v2,OK,5,65.3458915,0.906199218,0.758483439,0.00658634479,104.042425,1.42557816,4.75527196,0.0621434656,0.958912039,1.0056101,results/logs_open/matbench_ys_rs80__tabpfn_v2.log,matbench_steels,YS,Yield Strength,80,TFM,open
matbench_ys_rs80,tabpfn_v3,OK,5,65.8214258,0.827978833,0.759819622,0.0068216043,103.753425,1.47850839,4.78429873,0.056217514,0.740285397,0.360179636,results/logs_open/matbench_ys_rs80__tabpfn_v3.log,matbench_steels,YS,Yield Strength,80,TFM,open
matbench_ys_rs80,xgboost,OK,5,85.0393656,8.96112232,0.642009686,0.073320379,125.974939,13.3616219,6.20803507,0.690298235,0.26561408,0.1186807,results/logs_open/matbench_ys_rs80__xgboost.log,matbench_steels,YS,Yield Strength,80,Classical,open
nims_fs_rs50,catboost,OK,5,18.8146301,0.492568771,0.982707479,0.00110526582,26.6475584,0.861024397,3.19668651,0.0827896307,19.546138,0.93955866,results/logs_open/nims_fs_rs50__catboost.log,nims_fatigue,FS,Fatigue Strength,50,Classical,open
nims_fs_rs50,ftt,OK,5,19.4864539,0.584721137,0.980540825,0.0013927463,28.2642242,1.01526904,3.37580595,0.0922068782,28.5165023,4.67793246,results/logs_open/nims_fs_rs50__ftt.log,nims_fatigue,FS,Fatigue Strength,50,Deep,open
nims_fs_rs50,lightgbm,OK,5,21.7469716,0.0357027726,0.977498922,8.26499311e-05,30.4127567,0.0559321068,3.88079447,0.00463297222,3.97406101,0.19378809,results/logs_open/nims_fs_rs50__lightgbm.log,nims_fatigue,FS,Fatigue Strength,50,Classical,open
nims_fs_rs50,limix,OK,5,16.8693119,0.229641672,0.985536175,0.000372976043,24.3814672,0.316530573,2.79780049,0.0371586294,0.895487309,0.392936535,results/logs_open/nims_fs_rs50__limix.log,nims_fatigue,FS,Fatigue Strength,50,TFM,open
nims_fs_rs50,mitra,OK,5,18.4342104,0.0,0.982969443,1.11022302e-16,26.4587475,0.0,3.16957237,0.0,0.61655941,0.983157192,results/logs_open/nims_fs_rs50__mitra.log,nims_fatigue,FS,Fatigue Strength,50,TFM,open
nims_fs_rs50,mlp,OK,5,20.8388058,0.977573363,0.979812847,0.00113595522,28.7952297,0.810215194,3.69862956,0.200182051,13.9496736,2.83633758,results/logs_open/nims_fs_rs50__mlp.log,nims_fatigue,FS,Fatigue Strength,50,Deep,open
nims_fs_rs50,modernNCA,OK,5,22.8109594,1.395962,0.977357472,0.00261930781,30.4558838,1.78676984,4.05260224,0.277484353,2.30700192,0.605299449,results/logs_open/nims_fs_rs50__modernNCA.log,nims_fatigue,FS,Fatigue Strength,50,Deep,open
nims_fs_rs50,realmlp,OK,5,20.1706573,1.3624987,0.981747153,0.00225896514,27.3394883,1.69165477,3.56439614,0.30583256,3.36139665,0.455068626,results/logs_open/nims_fs_rs50__realmlp.log,nims_fatigue,FS,Fatigue Strength,50,Deep,open
nims_fs_rs50,resnet,OK,5,21.4074619,0.569874956,0.977296615,0.000954255141,30.5424402,0.64371585,3.86312054,0.192095226,11.2817651,2.28046468,results/logs_open/nims_fs_rs50__resnet.log,nims_fatigue,FS,Fatigue Strength,50,Deep,open
nims_fs_rs50,tabm,OK,5,21.9031639,0.454427169,0.975513144,0.000805304537,31.7222258,0.517241191,3.67438356,0.0745813871,25.6074744,3.07323491,results/logs_open/nims_fs_rs50__tabm.log,nims_fatigue,FS,Fatigue Strength,50,Deep,open
nims_fs_rs50,tabpfn_v2,OK,5,17.3174884,0.210848944,0.984842595,0.000398422788,24.9591765,0.325994417,2.94642621,0.0313168242,1.30394683,1.87639592,results/logs_open/nims_fs_rs50__tabpfn_v2.log,nims_fatigue,FS,Fatigue Strength,50,TFM,open
nims_fs_rs50,tabpfn_v3,OK,5,15.7907625,0.118548666,0.986891192,0.000117156652,23.2130443,0.104000217,2.72329482,0.0168951107,0.784816599,0.336438951,results/logs_open/nims_fs_rs50__tabpfn_v3.log,nims_fatigue,FS,Fatigue Strength,50,TFM,open
nims_fs_rs50,xgboost,OK,5,19.3402235,0.953260963,0.982371948,0.00162112051,26.8898345,1.25021035,3.35140835,0.193575669,0.25289354,0.12028951,results/logs_open/nims_fs_rs50__xgboost.log,nims_fatigue,FS,Fatigue Strength,50,Classical,open
nims_fs_rs60,catboost,OK,5,19.519565,1.06423752,0.981804372,0.00205085129,28.5158572,1.60859662,3.33033129,0.195014128,13.6982748,4.11890343,results/logs_open/nims_fs_rs60__catboost.log,nims_fatigue,FS,Fatigue Strength,60,Classical,open
nims_fs_rs60,ftt,OK,5,21.9167004,0.817453303,0.977615181,0.00204676758,31.6459319,1.44409611,3.7756408,0.135294637,24.5499139,1.55373197,results/logs_open/nims_fs_rs60__ftt.log,nims_fatigue,FS,Fatigue Strength,60,Deep,open
nims_fs_rs60,lightgbm,OK,5,20.3093287,0.0658045594,0.978370273,0.000170843256,31.1397365,0.123080212,3.55617003,0.00792490265,4.10470619,1.149459,results/logs_open/nims_fs_rs60__lightgbm.log,nims_fatigue,FS,Fatigue Strength,60,Classical,open
nims_fs_rs60,limix,OK,5,15.9916041,0.109697583,0.98657862,0.000309175334,24.5280148,0.283411259,2.64048859,0.019435608,1.20227356,0.324198941,results/logs_open/nims_fs_rs60__limix.log,nims_fatigue,FS,Fatigue Strength,60,TFM,open
nims_fs_rs60,mitra,OK,5,18.5144517,0.0,0.985513454,1.11022302e-16,25.4844474,0.0,3.23644981,0.0,0.360306978,0.490002415,results/logs_open/nims_fs_rs60__mitra.log,nims_fatigue,FS,Fatigue Strength,60,TFM,open
nims_fs_rs60,mlp,OK,5,21.6707615,1.79357625,0.978885782,0.00274377872,30.6997162,2.02843734,3.89334963,0.363406021,10.7381161,0.873719413,results/logs_open/nims_fs_rs60__mlp.log,nims_fatigue,FS,Fatigue Strength,60,Deep,open
nims_fs_rs60,modernNCA,OK,5,22.5667352,0.871430551,0.976287615,0.00157643962,32.5868517,1.07915809,3.92632307,0.194806271,3.64981709,1.59118414,results/logs_open/nims_fs_rs60__modernNCA.log,nims_fatigue,FS,Fatigue Strength,60,Deep,open
nims_fs_rs60,realmlp,OK,5,21.4905713,0.701693478,0.979216503,0.00161957294,30.500648,1.21277335,3.7407186,0.127224854,3.39319263,0.533172413,results/logs_open/nims_fs_rs60__realmlp.log,nims_fatigue,FS,Fatigue Strength,60,Deep,open
nims_fs_rs60,resnet,OK,5,23.1644328,3.34547686,0.974645209,0.00460961391,33.5861953,2.94396187,4.24309714,0.767478593,6.05696974,1.8028344,results/logs_open/nims_fs_rs60__resnet.log,nims_fatigue,FS,Fatigue Strength,60,Deep,open
nims_fs_rs60,tabm,OK,5,24.7220907,0.87203628,0.968309767,0.00270987021,37.6599234,1.56795231,3.99379962,0.12378409,20.2118784,3.23402082,results/logs_open/nims_fs_rs60__tabm.log,nims_fatigue,FS,Fatigue Strength,60,Deep,open
nims_fs_rs60,tabpfn_v2,OK,5,16.9599961,0.089046812,0.9844774,0.00020555878,26.3794362,0.174690657,2.87520942,0.0185250853,2.19100485,3.59163963,results/logs_open/nims_fs_rs60__tabpfn_v2.log,nims_fatigue,FS,Fatigue Strength,60,TFM,open
nims_fs_rs60,tabpfn_v3,OK,5,15.7235054,0.236556643,0.985660583,0.000636621699,25.3484993,0.560908933,2.61813252,0.0245131678,0.800607109,0.388135642,results/logs_open/nims_fs_rs60__tabpfn_v3.log,nims_fatigue,FS,Fatigue Strength,60,TFM,open
nims_fs_rs60,xgboost,OK,5,21.2692994,2.14398867,0.979634926,0.0045890278,30.026212,3.38058219,3.82525495,0.398925597,0.22887707,0.18734166,results/logs_open/nims_fs_rs60__xgboost.log,nims_fatigue,FS,Fatigue Strength,60,Classical,open
nims_fs_rs70,catboost,OK,5,15.5439299,0.930839676,0.989295625,0.00128124195,21.0991168,1.24660845,2.77303647,0.158417768,17.18768058,1.88195689,results/logs_open/nims_fs_rs70__catboost.log,nims_fatigue,FS,Fatigue Strength,70,Classical,open
nims_fs_rs70,ftt,OK,5,22.4886744,7.07521172,0.974767155,0.0173835928,30.9984433,9.59902776,4.03862003,1.30603751,22.672718,6.60407182,results/logs_open/nims_fs_rs70__ftt.log,nims_fatigue,FS,Fatigue Strength,70,Deep,open
nims_fs_rs70,lightgbm,OK,5,17.9140335,0.0240336438,0.986179442,2.04013797e-05,24.0161283,0.0177270963,3.41915502,0.00437578555,3.16530552,0.34642101,results/logs_open/nims_fs_rs70__lightgbm.log,nims_fatigue,FS,Fatigue Strength,70,Classical,open
nims_fs_rs70,limix,OK,5,13.1542647,0.144458633,0.991614022,0.000189978716,18.7063451,0.213316963,2.33737238,0.0266706561,1.39910035,0.669460208,results/logs_open/nims_fs_rs70__limix.log,nims_fatigue,FS,Fatigue Strength,70,TFM,open
nims_fs_rs70,mitra,OK,5,18.2068036,0.0,0.984479232,0.0,25.4505354,0.0,3.2300183,4.4408921e-16,0.395852757,0.535591028,results/logs_open/nims_fs_rs70__mitra.log,nims_fatigue,FS,Fatigue Strength,70,TFM,open
nims_fs_rs70,mlp,OK,5,17.2118337,1.4061345,0.987352673,0.00226076408,22.8847934,2.02444209,3.16136324,0.281857514,10.187637,1.84137538,results/logs_open/nims_fs_rs70__mlp.log,nims_fatigue,FS,Fatigue Strength,70,Deep,open
nims_fs_rs70,modernNCA,OK,5,20.6659536,2.79567971,0.978268126,0.0136129441,28.9979591,8.12753429,3.81476467,0.432525578,2.67477317,0.700610515,results/logs_open/nims_fs_rs70__modernNCA.log,nims_fatigue,FS,Fatigue Strength,70,Deep,open
nims_fs_rs70,realmlp,OK,5,17.9676474,1.15627336,0.982940462,0.00330250759,26.5690896,2.45578236,3.17043586,0.200850637,3.76167283,1.2417626,results/logs_open/nims_fs_rs70__realmlp.log,nims_fatigue,FS,Fatigue Strength,70,Deep,open
nims_fs_rs70,resnet,OK,5,15.9461635,1.10858209,0.988801524,0.00130332288,21.582091,1.24918702,2.91972479,0.189945277,11.4287449,2.52670347,results/logs_open/nims_fs_rs70__resnet.log,nims_fatigue,FS,Fatigue Strength,70,Deep,open
nims_fs_rs70,tabm,OK,5,21.8477289,0.25078507,0.97661405,0.000441301345,31.2390948,0.2952002,3.72691158,0.0720348007,23.2844226,1.56230154,results/logs_open/nims_fs_rs70__tabm.log,nims_fatigue,FS,Fatigue Strength,70,Deep,open
nims_fs_rs70,tabpfn_v2,OK,5,14.3637283,0.243576281,0.9890204,0.000337987477,21.4033985,0.327554648,2.52118252,0.0413023328,1.97050271,3.4164666,results/logs_open/nims_fs_rs70__tabpfn_v2.log,nims_fatigue,FS,Fatigue Strength,70,TFM,open
nims_fs_rs70,tabpfn_v3,OK,5,12.4859371,0.177557038,0.992154433,0.000155284883,18.0938677,0.178318664,2.23213318,0.0298261074,0.946351004,0.683389083,results/logs_open/nims_fs_rs70__tabpfn_v3.log,nims_fatigue,FS,Fatigue Strength,70,TFM,open
nims_fs_rs70,xgboost,OK,5,17.7910642,0.583580716,0.986998876,0.00124743395,23.2676093,1.09341372,3.27910179,0.166119321,0.29097838,0.14084599,results/logs_open/nims_fs_rs70__xgboost.log,nims_fatigue,FS,Fatigue Strength,70,Classical,open
nims_fs_rs80,catboost,OK,5,16.2554063,1.34248633,0.990476739,0.00181762603,22.4174296,2.06569274,2.73906591,0.186427342,17.05147018,2.2088443,results/logs_open/nims_fs_rs80__catboost.log,nims_fatigue,FS,Fatigue Strength,80,Classical,open
nims_fs_rs80,ftt,OK,5,19.874509,0.525711974,0.985791658,0.00124621601,27.4719913,1.19509753,3.36632758,0.117430851,19.1973965,3.39321983,results/logs_open/nims_fs_rs80__ftt.log,nims_fatigue,FS,Fatigue Strength,80,Deep,open
nims_fs_rs80,lightgbm,OK,5,20.2045971,0.00205909798,0.981907568,1.81869228e-06,31.0296927,0.0015596396,3.20818497,0.000387810239,3.86269054,0.53017143,results/logs_open/nims_fs_rs80__lightgbm.log,nims_fatigue,FS,Fatigue Strength,80,Classical,open
nims_fs_rs80,limix,OK,5,15.0663684,0.412249461,0.991376179,0.000308153008,21.4195047,0.382967687,2.4609381,0.0646818487,1.26913395,0.438202729,results/logs_open/nims_fs_rs80__limix.log,nims_fatigue,FS,Fatigue Strength,80,TFM,open
nims_fs_rs80,mitra,OK,5,16.0467924,0.0,0.990528529,1.11022302e-16,22.4511045,0.0,2.83265054,0.0,0.382367373,0.510448721,results/logs_open/nims_fs_rs80__mitra.log,nims_fatigue,FS,Fatigue Strength,80,TFM,open
nims_fs_rs80,mlp,OK,5,17.6551064,1.12279518,0.9898521,0.00136321853,23.1866719,1.55835606,3.07975142,0.208076933,13.9975221,1.99908152,results/logs_open/nims_fs_rs80__mlp.log,nims_fatigue,FS,Fatigue Strength,80,Deep,open
nims_fs_rs80,modernNCA,OK,5,19.5208404,1.30389329,0.986610996,0.00250777823,26.5800838,2.4564662,3.29015638,0.292542065,1.93777699,0.655949884,results/logs_open/nims_fs_rs80__modernNCA.log,nims_fatigue,FS,Fatigue Strength,80,Deep,open
nims_fs_rs80,realmlp,OK,5,20.1453527,1.75787715,0.985635695,0.00228637544,27.5565919,2.25229725,3.39793675,0.304886885,3.20104718,0.380691687,results/logs_open/nims_fs_rs80__realmlp.log,nims_fatigue,FS,Fatigue Strength,80,Deep,open
nims_fs_rs80,resnet,OK,5,18.0264898,1.02301889,0.989343442,0.00150398868,23.7579273,1.63733899,3.15408665,0.19863251,10.5794457,0.649976679,results/logs_open/nims_fs_rs80__resnet.log,nims_fatigue,FS,Fatigue Strength,80,Deep,open
nims_fs_rs80,tabm,OK,5,23.4931576,0.248055891,0.979488746,0.000602913682,33.0353009,0.485199963,3.84641933,0.063056122,18.4997522,1.67099787,results/logs_open/nims_fs_rs80__tabm.log,nims_fatigue,FS,Fatigue Strength,80,Deep,open
nims_fs_rs80,tabpfn_v2,OK,5,15.907851,0.222322676,0.989560431,0.000328055896,23.5676739,0.370124294,2.61263507,0.0351702685,1.49876971,2.5051905,results/logs_open/nims_fs_rs80__tabpfn_v2.log,nims_fatigue,FS,Fatigue Strength,80,TFM,open
nims_fs_rs80,tabpfn_v3,OK,5,13.4735794,0.0782091706,0.990220698,0.000201622335,22.8118201,0.234757646,2.09356332,0.00762027535,0.942203045,0.621073129,results/logs_open/nims_fs_rs80__tabpfn_v3.log,nims_fatigue,FS,Fatigue Strength,80,TFM,open
nims_fs_rs80,xgboost,OK,5,18.2211445,1.12924153,0.987394765,0.00149639428,25.8555246,1.5219599,2.92029036,0.193969281,0.27970057,0.08819664,results/logs_open/nims_fs_rs80__xgboost.log,nims_fatigue,FS,Fatigue Strength,80,Classical,open
steel_el_rs50,catboost,OK,5,2.77537574,0.0761880018,0.325751649,0.010277883,4.1019552,0.0312007534,22.398234,0.540956538,17.08918748,0.54287873,results/logs_open/steel_el_rs50__catboost.log,steel_strength,EL,Elongation,50,Classical,open
steel_el_rs50,ftt,OK,5,3.41131305,0.0889203092,0.191940411,0.0450778141,4.48902335,0.123148093,27.7693252,0.476461849,2.50843821,0.435543908,results/logs_open/steel_el_rs50__ftt.log,steel_strength,EL,Elongation,50,Deep,open
steel_el_rs50,lightgbm,OK,5,2.82019571,0.000774387069,0.331678058,0.000166266965,4.08400613,0.000507996687,23.0966744,0.0048413347,3.02468734,0.93545669,results/logs_open/steel_el_rs50__lightgbm.log,steel_strength,EL,Elongation,50,Classical,open
steel_el_rs50,limix,OK,5,2.69482446,0.0242244357,0.415776733,0.00570428647,3.81836794,0.01864582,21.9521511,0.194763323,0.980022717,1.14254153,results/logs_open/steel_el_rs50__limix.log,steel_strength,EL,Elongation,50,TFM,open
steel_el_rs50,mitra,OK,5,2.71850863,0.0,0.328848458,0.0,4.09264264,0.0,22.2131187,0.0,0.271218157,0.4027017,results/logs_open/steel_el_rs50__mitra.log,steel_strength,EL,Elongation,50,TFM,open
steel_el_rs50,mlp,OK,5,4.31525378,0.199824103,-3.03277236,1.13504306,9.9328348,1.40835345,27.6943699,0.471869192,1.45451174,0.398274564,results/logs_open/steel_el_rs50__mlp.log,steel_strength,EL,Elongation,50,Deep,open
steel_el_rs50,modernNCA,OK,5,2.80097175,0.14741727,0.3471426,0.0764414074,4.0297981,0.232141609,22.7310868,1.22562272,1.06356874,0.506803539,results/logs_open/steel_el_rs50__modernNCA.log,steel_strength,EL,Elongation,50,Deep,open
steel_el_rs50,realmlp,OK,5,2.95189402,0.169288614,0.330243751,0.0654939279,4.08343696,0.201108229,24.2556949,1.40627774,3.09064527,0.524375654,results/logs_open/steel_el_rs50__realmlp.log,steel_strength,EL,Elongation,50,Deep,open
steel_el_rs50,resnet,OK,5,3.96749224,0.0916389734,-2.63384351,0.458640348,9.50387689,0.604189921,25.2712913,0.930502889,2.44133897,1.35913396,results/logs_open/steel_el_rs50__resnet.log,steel_strength,EL,Elongation,50,Deep,open
steel_el_rs50,tabm,OK,5,3.15591425,0.126966027,0.192030922,0.0351011411,4.48940013,0.0975893827,24.9621143,1.79854612,11.1507543,7.31329856,results/logs_open/steel_el_rs50__tabm.log,steel_strength,EL,Elongation,50,Deep,open
steel_el_rs50,tabpfn_v2,OK,5,2.65174189,0.0398930389,0.428234747,0.0217645993,3.77679781,0.0718947814,21.6139667,0.277667099,1.04525843,1.48972249,results/logs_open/steel_el_rs50__tabpfn_v2.log,steel_strength,EL,Elongation,50,TFM,open
steel_el_rs50,tabpfn_v3,OK,5,2.66989131,0.0143157334,0.359843372,0.0137224314,3.99679619,0.0425841649,21.4464455,0.0670483088,0.781775045,0.342556929,results/logs_open/steel_el_rs50__tabpfn_v3.log,steel_strength,EL,Elongation,50,TFM,open
steel_el_rs50,xgboost,OK,5,2.85972792,0.0608033796,0.272680072,0.0257212887,4.25978251,0.0758550722,22.869246,0.469558774,0.26094685,0.10965772,results/logs_open/steel_el_rs50__xgboost.log,steel_strength,EL,Elongation,50,Classical,open
steel_el_rs60,catboost,OK,5,3.05156237,0.0621678328,0.220424267,0.0208747728,4.55181029,0.0606209361,24.9831962,0.70576104,7.95437121,4.93177449,results/logs_open/steel_el_rs60__catboost.log,steel_strength,EL,Elongation,60,Classical,open
steel_el_rs60,ftt,OK,5,2.84639632,0.0851621663,0.344871993,0.0267669816,4.17220776,0.0852619326,23.2481563,0.888481616,14.1923897,4.29363326,results/logs_open/steel_el_rs60__ftt.log,steel_strength,EL,Elongation,60,Deep,open
steel_el_rs60,lightgbm,OK,5,3.09878376,0.00283736208,0.286195861,0.000589611683,4.35595118,0.00179906759,24.3279067,0.0165460348,2.59759569,0.60143495,results/logs_open/steel_el_rs60__lightgbm.log,steel_strength,EL,Elongation,60,Classical,open
steel_el_rs60,limix,OK,5,2.81398335,0.020046154,0.388936025,0.0123121231,4.03009163,0.0405005662,23.3747891,0.13062565,0.700681686,0.360087246,results/logs_open/steel_el_rs60__limix.log,steel_strength,EL,Elongation,60,TFM,open
steel_el_rs60,mitra,OK,5,2.92380599,0.0,0.242606799,2.77555756e-17,4.48698079,0.0,23.7198998,0.0,0.509838152,0.888846625,results/logs_open/steel_el_rs60__mitra.log,steel_strength,EL,Elongation,60,TFM,open
steel_el_rs60,mlp,OK,5,5.45838575,0.0474769433,-7.20114149,0.280245335,14.7627386,0.252926387,29.0765455,0.33001118,1.06410213,0.139141025,results/logs_open/steel_el_rs60__mlp.log,steel_strength,EL,Elongation,60,Deep,open
steel_el_rs60,modernNCA,OK,5,2.79570786,0.052775452,0.401208056,0.0295308388,3.98840992,0.0982369748,23.0376633,0.381116822,1.21143928,0.119777993,results/logs_open/steel_el_rs60__modernNCA.log,steel_strength,EL,Elongation,60,Deep,open
steel_el_rs60,realmlp,OK,5,3.16289379,0.268736447,0.219020274,0.138145828,4.5398037,0.387498434,25.5237154,1.74340681,3.75185633,0.971077024,results/logs_open/steel_el_rs60__realmlp.log,steel_strength,EL,Elongation,60,Deep,open
steel_el_rs60,resnet,OK,5,4.54885507,0.324741333,-4.37323077,1.25341806,11.8690474,1.39882952,26.1146927,1.78609953,5.49097018,1.85150532,results/logs_open/steel_el_rs60__resnet.log,steel_strength,EL,Elongation,60,Deep,open
steel_el_rs60,tabm,OK,5,3.38267291,0.0731416814,0.0335979994,0.0341896875,5.06762977,0.0893807016,26.0185341,0.711682705,12.2528821,2.23434526,results/logs_open/steel_el_rs60__tabm.log,steel_strength,EL,Elongation,60,Deep,open
steel_el_rs60,tabpfn_v2,OK,5,2.7189266,0.0397958834,0.409079084,0.0162507384,3.96294315,0.0540218969,22.3946816,0.249644876,1.16926513,1.6982082,results/logs_open/steel_el_rs60__tabpfn_v2.log,steel_strength,EL,Elongation,60,TFM,open
steel_el_rs60,tabpfn_v3,OK,5,2.96465823,0.0273127747,0.202561843,0.0232513624,4.60357932,0.0672869504,23.2657176,0.137664611,0.783042717,0.3400826,results/logs_open/steel_el_rs60__tabpfn_v3.log,steel_strength,EL,Elongation,60,TFM,open
steel_el_rs60,xgboost,OK,5,3.0614095,0.105472954,0.19861851,0.0696198908,4.61114871,0.198995366,24.1813956,0.452565274,0.2395596,0.06092126,results/logs_open/steel_el_rs60__xgboost.log,steel_strength,EL,Elongation,60,Classical,open
steel_el_rs70,catboost,OK,5,2.98241724,0.0575869979,0.322725901,0.0199249562,4.36018218,0.0640729644,24.6402378,0.564285348,5.57110429,0.83354788,results/logs_open/steel_el_rs70__catboost.log,steel_strength,EL,Elongation,70,Classical,open
steel_el_rs70,ftt,OK,5,2.86386406,0.0931703324,0.394030609,0.0249707203,4.12383091,0.0857100393,23.1567827,0.657597929,20.9613152,2.44971906,results/logs_open/steel_el_rs70__ftt.log,steel_strength,EL,Elongation,70,Deep,open
steel_el_rs70,lightgbm,OK,5,2.97754126,0.00339857102,0.467109887,0.000842256171,3.86801352,0.00305637093,24.1459785,0.021990273,4.30171504,0.7876872,results/logs_open/steel_el_rs70__lightgbm.log,steel_strength,EL,Elongation,70,Classical,open
steel_el_rs70,limix,OK,5,2.68843534,0.0184699515,0.482228719,0.00540757026,3.81269756,0.0198899619,22.3051804,0.146825049,0.97605114,0.650607372,results/logs_open/steel_el_rs70__limix.log,steel_strength,EL,Elongation,70,TFM,open
steel_el_rs70,mitra,OK,5,2.87400268,0.0,0.411087349,5.55111512e-17,4.06625612,0.0,23.6729879,0.0,0.295979595,0.461183822,results/logs_open/steel_el_rs70__mitra.log,steel_strength,EL,Elongation,70,TFM,open
steel_el_rs70,mlp,OK,5,3.16663319,0.0309579427,0.209194813,0.0188634903,4.71165291,0.0560731794,24.6313739,0.583070163,2.63821225,0.461118671,results/logs_open/steel_el_rs70__mlp.log,steel_strength,EL,Elongation,70,Deep,open
steel_el_rs70,modernNCA,OK,5,2.95024222,0.156900442,0.33376853,0.0694781191,4.31889633,0.228895535,23.3351913,1.21415744,1.43554416,0.360438341,results/logs_open/steel_el_rs70__modernNCA.log,steel_strength,EL,Elongation,70,Deep,open
steel_el_rs70,realmlp,OK,5,3.19500148,0.137889306,0.253343854,0.0252361367,4.57790305,0.0779933553,25.9814253,0.626776488,3.29860773,0.552722633,results/logs_open/steel_el_rs70__realmlp.log,steel_strength,EL,Elongation,70,Deep,open
steel_el_rs70,resnet,OK,5,3.19581988,0.102115977,0.235448666,0.0392889382,4.63160226,0.11819026,25.4458373,1.08300502,1.8275991,0.322511388,results/logs_open/steel_el_rs70__resnet.log,steel_strength,EL,Elongation,70,Deep,open
steel_el_rs70,tabm,OK,5,2.90383465,0.0291690272,0.360240436,0.00656419673,4.23810719,0.0217998787,23.2385424,0.406301278,14.8467148,2.33744237,results/logs_open/steel_el_rs70__tabm.log,steel_strength,EL,Elongation,70,Deep,open
steel_el_rs70,tabpfn_v2,OK,5,2.66399225,0.0279928006,0.495224924,0.0124007735,3.76430942,0.046353815,22.2183621,0.14785043,1.668963,2.73165662,results/logs_open/steel_el_rs70__tabpfn_v2.log,steel_strength,EL,Elongation,70,TFM,open
steel_el_rs70,tabpfn_v3,OK,5,2.53642894,0.0179780621,0.516517279,0.00493536429,3.68429251,0.0188168048,20.9621082,0.120831176,0.773344278,0.343230292,results/logs_open/steel_el_rs70__tabpfn_v3.log,steel_strength,EL,Elongation,70,TFM,open
steel_el_rs70,xgboost,OK,5,3.07440854,0.0966938598,0.316213658,0.0288675405,4.38059664,0.0922289175,25.3647432,0.739583855,0.21661525,0.16179294,results/logs_open/steel_el_rs70__xgboost.log,steel_strength,EL,Elongation,70,Classical,open
steel_el_rs80,catboost,OK,5,2.44055249,0.0628596011,0.415318257,0.0396689365,3.84255175,0.127452273,17.7742627,0.663422988,19.49769931,1.86109428,results/logs_open/steel_el_rs80__catboost.log,steel_strength,EL,Elongation,80,Classical,open
steel_el_rs80,ftt,OK,5,3.16471054,0.104176104,0.297699984,0.0615822112,4.20941969,0.189112011,22.5677168,0.325907047,21.8261559,4.54644825,results/logs_open/steel_el_rs80__ftt.log,steel_strength,EL,Elongation,80,Deep,open
steel_el_rs80,lightgbm,OK,5,2.67019919,0.0032499365,0.335632125,0.0010321978,4.09829207,0.00318294424,20.635079,0.0192643168,4.17446418,0.85683452,results/logs_open/steel_el_rs80__lightgbm.log,steel_strength,EL,Elongation,80,Classical,open
steel_el_rs80,limix,OK,5,2.40962915,0.0488425223,0.547017334,0.014014721,3.38366565,0.0523995485,17.9759935,0.382790859,0.817839241,0.483228497,results/logs_open/steel_el_rs80__limix.log,steel_strength,EL,Elongation,80,TFM,open
steel_el_rs80,mitra,OK,5,2.32080078,0.0,0.499308336,0.0,3.55781945,0.0,17.7542884,0.0,0.230635405,0.329941511,results/logs_open/steel_el_rs80__mitra.log,steel_strength,EL,Elongation,80,TFM,open
steel_el_rs80,mlp,OK,5,3.11630322,0.117372531,0.235120058,0.0872986018,4.39059613,0.244413327,23.1086163,0.476735104,6.32075195,1.23721185,results/logs_open/steel_el_rs80__mlp.log,steel_strength,EL,Elongation,80,Deep,open
steel_el_rs80,modernNCA,OK,5,2.61137151,0.246159946,0.481327778,0.0902123907,3.60794255,0.308868302,19.7856912,1.41375378,2.43164158,1.43851613,results/logs_open/steel_el_rs80__modernNCA.log,steel_strength,EL,Elongation,80,Deep,open
steel_el_rs80,realmlp,OK,5,3.22323384,0.38270542,0.211296713,0.152321272,4.4445009,0.431006303,23.7326336,2.34106512,2.89557028,0.767002168,results/logs_open/steel_el_rs80__realmlp.log,steel_strength,EL,Elongation,80,Deep,open
steel_el_rs80,resnet,OK,5,2.84458261,0.088875131,0.351688212,0.0710873879,4.04276853,0.21474087,21.7117864,0.264030773,8.39777722,2.80383127,results/logs_open/steel_el_rs80__resnet.log,steel_strength,EL,Elongation,80,Deep,open
steel_el_rs80,tabm,OK,5,2.91336014,0.0813693041,0.289264427,0.0317107687,4.23781456,0.0957402266,20.417746,0.6996646,12.6083625,2.50862988,results/logs_open/steel_el_rs80__tabm.log,steel_strength,EL,Elongation,80,Deep,open
steel_el_rs80,tabpfn_v2,OK,5,2.45372569,0.0451448502,0.571694153,0.0143320397,3.29014548,0.0549785682,18.91659,0.316168804,2.09205737,3.70900647,results/logs_open/steel_el_rs80__tabpfn_v2.log,steel_strength,EL,Elongation,80,TFM,open
steel_el_rs80,tabpfn_v3,OK,5,2.26635715,0.0221897435,0.611450522,0.00270317024,3.13414627,0.0109044047,17.4665904,0.140119949,1.37921305,0.976002415,results/logs_open/steel_el_rs80__tabpfn_v3.log,steel_strength,EL,Elongation,80,TFM,open
steel_el_rs80,xgboost,OK,5,2.46257775,0.119292233,0.400869915,0.0577208051,3.88752809,0.183969154,17.6454375,0.989532947,0.69270773,0.8781967,results/logs_open/steel_el_rs80__xgboost.log,steel_strength,EL,Elongation,80,Classical,open
steel_uts_rs50,catboost,OK,5,88.5927086,4.77569796,0.852151018,0.0160252084,128.752348,6.94884513,5.52841857,0.316425141,12.54513941,3.83693137,results/logs_open/steel_uts_rs50__catboost.log,steel_strength,UTS,Tensile Strength,50,Classical,open
steel_uts_rs50,ftt,OK,5,88.0118821,2.2054882,0.835744277,0.0160036628,135.75208,6.46112812,5.44557794,0.0967083884,36.2808256,3.69534964,results/logs_open/steel_uts_rs50__ftt.log,steel_strength,UTS,Tensile Strength,50,Deep,open
steel_uts_rs50,lightgbm,OK,5,92.1953309,0.0405836498,0.825223461,0.000112607302,140.190675,0.0451616885,5.8873878,0.00219237066,3.90007229,0.95701683,results/logs_open/steel_uts_rs50__lightgbm.log,steel_strength,UTS,Tensile Strength,50,Classical,open
steel_uts_rs50,limix,OK,5,81.3387298,1.30265532,0.892725427,0.00338055563,109.817538,1.73617553,5.09333529,0.086172546,0.993038082,0.801503338,results/logs_open/steel_uts_rs50__limix.log,steel_strength,UTS,Tensile Strength,50,TFM,open
steel_uts_rs50,mitra,OK,5,77.9223818,0.0,0.888594568,0.0,111.925944,0.0,4.94881856,0.0,0.351739645,0.563731584,results/logs_open/steel_uts_rs50__mitra.log,steel_strength,UTS,Tensile Strength,50,TFM,open
steel_uts_rs50,mlp,OK,5,102.230047,9.53987044,0.779200888,0.0270717297,157.272765,9.68978491,6.34790469,0.559179576,18.4268579,7.3789063,results/logs_open/steel_uts_rs50__mlp.log,steel_strength,UTS,Tensile Strength,50,Deep,open
steel_uts_rs50,modernNCA,OK,5,109.005047,9.35414321,0.738380597,0.0586270696,170.503983,18.6333818,6.7934143,0.509337279,3.66321135,1.89863801,results/logs_open/steel_uts_rs50__modernNCA.log,steel_strength,UTS,Tensile Strength,50,Deep,open
steel_uts_rs50,realmlp,OK,5,100.387494,11.1481247,0.807743856,0.0423422617,146.187624,15.7533578,6.23054924,0.63713971,3.39000196,0.62388586,results/logs_open/steel_uts_rs50__realmlp.log,steel_strength,UTS,Tensile Strength,50,Deep,open
steel_uts_rs50,resnet,OK,5,82.9577498,3.1586108,0.858864547,0.0253860437,125.487625,11.1076839,5.11870775,0.269800651,18.5249382,5.28722576,results/logs_open/steel_uts_rs50__resnet.log,steel_strength,UTS,Tensile Strength,50,Deep,open
steel_uts_rs50,tabm,OK,5,111.860137,2.18332309,0.805412505,0.00322549753,147.91767,1.22903091,6.9068249,0.13072327,43.7087237,5.14798263,results/logs_open/steel_uts_rs50__tabm.log,steel_strength,UTS,Tensile Strength,50,Deep,open
steel_uts_rs50,tabpfn_v2,OK,5,72.2614406,0.59346812,0.887697779,0.00359385738,112.361208,1.79414256,4.49783731,0.037846726,3.39074965,6.31757591,results/logs_open/steel_uts_rs50__tabpfn_v2.log,steel_strength,UTS,Tensile Strength,50,TFM,open
steel_uts_rs50,tabpfn_v3,OK,5,71.9089787,0.429545055,0.898814552,0.00146026054,106.665839,0.768006019,4.43629571,0.0277951739,0.63526597,0.366353527,results/logs_open/steel_uts_rs50__tabpfn_v3.log,steel_strength,UTS,Tensile Strength,50,TFM,open
steel_uts_rs50,xgboost,OK,5,92.8127594,6.97696061,0.828695285,0.0246810982,138.438744,9.88630307,5.78571811,0.466509449,0.51516609,0.3459349,results/logs_open/steel_uts_rs50__xgboost.log,steel_strength,UTS,Tensile Strength,50,Classical,open
steel_uts_rs60,catboost,OK,5,78.9049812,1.4393107,0.882721193,0.00603572457,112.878719,2.90513319,5.00005795,0.0925756999,15.43156152,1.85914792,results/logs_open/steel_uts_rs60__catboost.log,steel_strength,UTS,Tensile Strength,60,Classical,open
steel_uts_rs60,ftt,OK,5,156.617964,39.8546396,0.525931539,0.189631383,219.283528,58.7657119,9.52290388,2.35510365,13.5920341,5.66570749,results/logs_open/steel_uts_rs60__ftt.log,steel_strength,UTS,Tensile Strength,60,Deep,open
steel_uts_rs60,lightgbm,OK,5,107.399671,0.0913364839,0.78200475,0.000181801565,153.946411,0.0641996142,6.60204258,0.00573009082,3.63525634,0.23388561,results/logs_open/steel_uts_rs60__lightgbm.log,steel_strength,UTS,Tensile Strength,60,Classical,open
steel_uts_rs60,limix,OK,5,76.5533112,1.30766002,0.908926075,0.00272435976,99.4934349,1.49026019,4.81252894,0.0854278178,0.743433285,0.519469003,results/logs_open/steel_uts_rs60__limix.log,steel_strength,UTS,Tensile Strength,60,TFM,open
steel_uts_rs60,mitra,OK,5,76.4884191,0.0,0.896006444,0.0,106.328406,0.0,4.87374246,0.0,0.364097452,0.581482655,results/logs_open/steel_uts_rs60__mitra.log,steel_strength,UTS,Tensile Strength,60,TFM,open
steel_uts_rs60,mlp,OK,5,84.0576875,3.31752688,0.834992219,0.0432846123,132.675975,18.3308068,5.31876661,0.284899244,18.749329,3.52014363,results/logs_open/steel_uts_rs60__mlp.log,steel_strength,UTS,Tensile Strength,60,Deep,open
steel_uts_rs60,modernNCA,OK,5,89.520807,4.94716392,0.843881659,0.0200117101,130.002149,8.48249694,5.67813267,0.364039296,2.0883769,1.37772431,results/logs_open/steel_uts_rs60__modernNCA.log,steel_strength,UTS,Tensile Strength,60,Deep,open
steel_uts_rs60,realmlp,OK,5,77.1728477,4.29213095,0.896496695,0.00881601837,105.981933,4.50131633,4.91235872,0.257896179,3.00651603,0.817258882,results/logs_open/steel_uts_rs60__realmlp.log,steel_strength,UTS,Tensile Strength,60,Deep,open
steel_uts_rs60,resnet,OK,5,83.5950412,1.82385655,0.879623104,0.0162111653,114.144994,7.60107685,5.1910666,0.137401965,15.592429,1.55694373,results/logs_open/steel_uts_rs60__resnet.log,steel_strength,UTS,Tensile Strength,60,Deep,open
steel_uts_rs60,tabm,OK,5,113.358606,34.2766257,0.764155501,0.172290379,152.295674,49.4572796,6.98801538,2.04407919,25.3914597,11.0731804,results/logs_open/steel_uts_rs60__tabm.log,steel_strength,UTS,Tensile Strength,60,Deep,open
steel_uts_rs60,tabpfn_v2,OK,5,72.6457732,1.15789048,0.899588299,0.0023200024,104.47418,1.21327228,4.58521288,0.0702864602,2.40380006,4.19769333,results/logs_open/steel_uts_rs60__tabpfn_v2.log,steel_strength,UTS,Tensile Strength,60,TFM,open
steel_uts_rs60,tabpfn_v3,OK,5,70.1679945,0.257912117,0.908020615,0.000763771504,99.9971415,0.415874861,4.40946044,0.0170908135,0.725932693,0.413363119,results/logs_open/steel_uts_rs60__tabpfn_v3.log,steel_strength,UTS,Tensile Strength,60,TFM,open
steel_uts_rs60,xgboost,OK,5,91.6682873,11.1075965,0.826620293,0.0562332497,135.573509,21.6544745,5.64494453,0.707945716,0.32589355,0.18408252,results/logs_open/steel_uts_rs60__xgboost.log,steel_strength,UTS,Tensile Strength,60,Classical,open
steel_uts_rs70,catboost,OK,5,64.1444446,2.5520995,0.893758722,0.0120690868,103.450291,5.94228343,3.99876203,0.179195777,16.74366522,0.87181645,results/logs_open/steel_uts_rs70__catboost.log,steel_strength,UTS,Tensile Strength,70,Classical,open
steel_uts_rs70,ftt,OK,5,166.526909,1.38823793,0.480096408,0.0100159862,229.214177,2.21605068,10.1851259,0.110414948,7.07772031,2.21490819,results/logs_open/steel_uts_rs70__ftt.log,steel_strength,UTS,Tensile Strength,70,Deep,open
steel_uts_rs70,lightgbm,OK,5,95.674126,0.233325305,0.784590224,0.000682453757,147.547726,0.233710522,5.88040083,0.0133823078,3.87003555,1.12113512,results/logs_open/steel_uts_rs70__lightgbm.log,steel_strength,UTS,Tensile Strength,70,Classical,open
steel_uts_rs70,limix,OK,5,71.321025,0.840888034,0.88440006,0.00200458785,108.084359,0.936834807,4.42364775,0.0620580976,0.612528324,0.446547488,results/logs_open/steel_uts_rs70__limix.log,steel_strength,UTS,Tensile Strength,70,TFM,open
steel_uts_rs70,mitra,OK,5,65.7763858,0.0,0.906775477,0.0,97.065623,0.0,4.09578959,0.0,0.461750269,0.773472438,results/logs_open/steel_uts_rs70__mitra.log,steel_strength,UTS,Tensile Strength,70,TFM,open
steel_uts_rs70,mlp,OK,5,87.4681895,3.23993087,0.820835436,0.0365023396,133.899259,13.3511384,5.36404048,0.264314606,17.3159906,5.81330888,results/logs_open/steel_uts_rs70__mlp.log,steel_strength,UTS,Tensile Strength,70,Deep,open
steel_uts_rs70,modernNCA,OK,5,79.5045023,5.2989726,0.845379949,0.038872702,123.966411,16.0935473,4.87694103,0.349025581,0.996702003,0.199204721,results/logs_open/steel_uts_rs70__modernNCA.log,steel_strength,UTS,Tensile Strength,70,Deep,open
steel_uts_rs70,realmlp,OK,5,83.5494607,9.83151209,0.86871395,0.0141513903,115.025741,6.12387127,5.29701851,0.640405751,3.44978485,0.863815271,results/logs_open/steel_uts_rs70__realmlp.log,steel_strength,UTS,Tensile Strength,70,Deep,open
steel_uts_rs70,resnet,OK,5,71.4370884,3.61852344,0.901031282,0.0148574007,99.7338747,7.44488995,4.37705811,0.224645406,6.40254025,1.4353806,results/logs_open/steel_uts_rs70__resnet.log,steel_strength,UTS,Tensile Strength,70,Deep,open
steel_uts_rs70,tabm,OK,5,176.779807,1.59375096,0.440313965,0.00992197844,237.823974,2.10217689,10.8642645,0.0954920256,6.04699979,1.57606193,results/logs_open/steel_uts_rs70__tabm.log,steel_strength,UTS,Tensile Strength,70,Deep,open
steel_uts_rs70,tabpfn_v2,OK,5,62.1752644,0.843659621,0.899255368,0.00426147612,100.882,2.1393822,3.81209841,0.0377942962,1.57517943,2.54363384,results/logs_open/steel_uts_rs70__tabpfn_v2.log,steel_strength,UTS,Tensile Strength,70,TFM,open
steel_uts_rs70,tabpfn_v3,OK,5,66.9110817,0.511293251,0.889402061,0.00332322518,105.712296,1.57791742,4.05517401,0.0293421091,0.718335295,0.410319638,results/logs_open/steel_uts_rs70__tabpfn_v3.log,steel_strength,UTS,Tensile Strength,70,TFM,open
steel_uts_rs70,xgboost,OK,5,80.7569256,6.54399426,0.832151617,0.0368428102,129.525932,13.6611701,4.95412338,0.408201247,0.34300289,0.28586305,results/logs_open/steel_uts_rs70__xgboost.log,steel_strength,UTS,Tensile Strength,70,Classical,open
steel_uts_rs80,catboost,OK,5,75.0904183,3.93109609,0.831851012,0.0285465011,125.332474,10.6681941,4.80090291,0.252380775,18.91074786,1.43212261,results/logs_open/steel_uts_rs80__catboost.log,steel_strength,UTS,Tensile Strength,80,Classical,open
steel_uts_rs80,ftt,OK,5,71.9522578,18.8639667,0.870138004,0.0714697386,106.398883,29.9781418,4.49161352,1.19200715,16.0875268,5.50361497,results/logs_open/steel_uts_rs80__ftt.log,steel_strength,UTS,Tensile Strength,80,Deep,open
steel_uts_rs80,lightgbm,OK,5,94.2502407,0.364207034,0.753874588,0.000944497317,152.181385,0.292018334,6.05992579,0.0323576914,3.00269008,0.2871127,results/logs_open/steel_uts_rs80__lightgbm.log,steel_strength,UTS,Tensile Strength,80,Classical,open
steel_uts_rs80,limix,OK,5,72.4576308,1.66299676,0.849730749,0.00609721821,118.886018,2.39876792,4.53652374,0.119369119,0.988622761,0.8424928,results/logs_open/steel_uts_rs80__limix.log,steel_strength,UTS,Tensile Strength,80,TFM,open
steel_uts_rs80,mitra,OK,5,59.9041628,7.10542736e-15,0.904359484,0.0,94.8647922,0.0,3.87879971,0.0,0.297968102,0.446317619,results/logs_open/steel_uts_rs80__mitra.log,steel_strength,UTS,Tensile Strength,80,TFM,open
steel_uts_rs80,mlp,OK,5,56.7637837,2.17292202,0.927317977,0.00395108612,82.6690168,2.20788824,3.38060661,0.124576233,13.306412,2.54974246,results/logs_open/steel_uts_rs80__mlp.log,steel_strength,UTS,Tensile Strength,80,Deep,open
steel_uts_rs80,modernNCA,OK,5,70.6084983,1.48234922,0.824118881,0.0169961113,128.491839,6.28047474,4.5309733,0.0999359378,1.55235982,0.735453029,results/logs_open/steel_uts_rs80__modernNCA.log,steel_strength,UTS,Tensile Strength,80,Deep,open
steel_uts_rs80,realmlp,OK,5,63.9917802,4.81008128,0.901979617,0.0177136799,95.6843812,8.23179428,3.99223214,0.264117592,3.385636,0.477036707,results/logs_open/steel_uts_rs80__realmlp.log,steel_strength,UTS,Tensile Strength,80,Deep,open
steel_uts_rs80,resnet,OK,5,55.2114683,2.30597344,0.926907832,0.0129043827,82.6375125,6.97677275,3.35203484,0.133762947,9.8289916,1.94292939,results/logs_open/steel_uts_rs80__resnet.log,steel_strength,UTS,Tensile Strength,80,Deep,open
steel_uts_rs80,tabm,OK,5,86.4282802,2.66667663,0.858328783,0.0119253312,115.355347,4.87320872,5.40652795,0.151306315,15.5655177,3.01582615,results/logs_open/steel_uts_rs80__tabm.log,steel_strength,UTS,Tensile Strength,80,Deep,open
steel_uts_rs80,tabpfn_v2,OK,5,55.5308118,1.17410052,0.893591518,0.00779292785,99.9943907,3.69679191,3.50862985,0.0751256318,1.12436476,1.56623854,results/logs_open/steel_uts_rs80__tabpfn_v2.log,steel_strength,UTS,Tensile Strength,80,TFM,open
steel_uts_rs80,tabpfn_v3,OK,5,60.0151407,0.390510228,0.897140495,0.00360511085,98.3647879,1.72356412,3.74393227,0.017262638,0.750399017,0.367179734,results/logs_open/steel_uts_rs80__tabpfn_v3.log,steel_strength,UTS,Tensile Strength,80,TFM,open
steel_uts_rs80,xgboost,OK,5,79.5274651,7.67029113,0.826832244,0.037886261,126.800312,14.6956861,5.04035447,0.467507321,0.27780728,0.15364839,results/logs_open/steel_uts_rs80__xgboost.log,steel_strength,UTS,Tensile Strength,80,Classical,open
steel_ys_rs50,catboost,OK,5,95.5760926,4.8101897,0.799853056,0.0106740774,136.281735,3.7066924,6.70442699,0.333214972,7.85717926,3.49620754,results/logs_open/steel_ys_rs50__catboost.log,steel_strength,YS,Yield Strength,50,Classical,open
steel_ys_rs50,ftt,OK,5,97.4814523,2.48681384,0.7694848,0.0217106688,146.151587,6.80317342,6.83753059,0.12826283,42.5932378,6.87434172,results/logs_open/steel_ys_rs50__ftt.log,steel_strength,YS,Yield Strength,50,Deep,open
steel_ys_rs50,lightgbm,OK,5,98.3876415,0.0301277837,0.788029649,9.14905425e-05,140.301173,0.0302767734,7.2856809,0.00220194642,2.72372971,0.31465049,results/logs_open/steel_ys_rs50__lightgbm.log,steel_strength,YS,Yield Strength,50,Classical,open
steel_ys_rs50,limix,OK,5,88.9826195,1.17169861,0.8453372,0.0034783149,119.836489,1.351401,6.21571049,0.0827418991,0.578476095,0.377523144,results/logs_open/steel_ys_rs50__limix.log,steel_strength,YS,Yield Strength,50,TFM,open
steel_ys_rs50,mitra,OK,5,87.5477337,0.0,0.847477442,1.11022302e-16,119.012011,0.0,6.15347592,0.0,0.953811073,1.7646923,results/logs_open/steel_ys_rs50__mitra.log,steel_strength,YS,Yield Strength,50,TFM,open
steel_ys_rs50,mlp,OK,5,111.386108,8.27469678,0.535956878,0.0714676403,206.972471,15.9783866,8.08749414,0.510710864,10.6774164,4.04785827,results/logs_open/steel_ys_rs50__mlp.log,steel_strength,YS,Yield Strength,50,Deep,open
steel_ys_rs50,modernNCA,OK,5,105.298493,5.94562194,0.685931457,0.0406535047,170.43853,10.7878154,7.35827636,0.411085173,5.08332553,1.53651734,results/logs_open/steel_ys_rs50__modernNCA.log,steel_strength,YS,Yield Strength,50,Deep,open
steel_ys_rs50,realmlp,OK,5,98.9537078,3.90977943,0.771160675,0.0107989192,145.736784,3.42500768,7.01555152,0.291258796,3.37178059,0.417213261,results/logs_open/steel_ys_rs50__realmlp.log,steel_strength,YS,Yield Strength,50,Deep,open
steel_ys_rs50,resnet,OK,5,100.763766,5.48411805,0.569312695,0.161393823,197.057383,34.1137043,7.33769031,0.401296586,22.1773343,6.30144489,results/logs_open/steel_ys_rs50__resnet.log,steel_strength,YS,Yield Strength,50,Deep,open
steel_ys_rs50,tabm,OK,5,119.370489,2.52607059,0.710000036,0.011906361,164.070166,3.39774589,8.31937857,0.156776449,42.6476893,2.86629927,results/logs_open/steel_ys_rs50__tabm.log,steel_strength,YS,Yield Strength,50,Deep,open
steel_ys_rs50,tabpfn_v2,OK,5,77.619625,0.662314298,0.868510051,0.00173331655,110.499559,0.730456327,5.45430463,0.0399125782,1.37225366,2.22918502,results/logs_open/steel_ys_rs50__tabpfn_v2.log,steel_strength,YS,Yield Strength,50,TFM,open
steel_ys_rs50,tabpfn_v3,OK,5,79.4682302,0.578492683,0.857099785,0.00113625351,115.195835,0.457064096,5.61203042,0.039018839,0.866121387,0.627508367,results/logs_open/steel_ys_rs50__tabpfn_v3.log,steel_strength,YS,Yield Strength,50,TFM,open
steel_ys_rs50,xgboost,OK,5,104.083704,8.17907794,0.762509757,0.0313866083,148.178241,9.87465884,7.26106837,0.565001747,0.2008059,0.12607255,results/logs_open/steel_ys_rs50__xgboost.log,steel_strength,YS,Yield Strength,50,Classical,open
steel_ys_rs60,catboost,OK,5,81.4466316,2.66954807,0.826923211,0.0151544529,122.597652,5.37055145,5.78544301,0.168931778,15.86304593,0.89667653,results/logs_open/steel_ys_rs60__catboost.log,steel_strength,YS,Yield Strength,60,Classical,open
steel_ys_rs60,ftt,OK,5,167.394156,46.5161124,0.278106138,0.307868498,241.624731,66.5422501,11.410136,3.06131848,10.8385536,11.9137059,results/logs_open/steel_ys_rs60__ftt.log,steel_strength,YS,Yield Strength,60,Deep,open
steel_ys_rs60,lightgbm,OK,5,98.4622317,0.0790613248,0.747766555,0.00036146408,148.142703,0.106141887,6.87178513,0.00487879324,2.76594553,0.26963182,results/logs_open/steel_ys_rs60__lightgbm.log,steel_strength,YS,Yield Strength,60,Classical,open
steel_ys_rs60,limix,OK,5,81.607027,1.51485264,0.855178429,0.00444714075,112.239106,1.72795906,5.73120065,0.108926817,0.646776295,0.415627649,results/logs_open/steel_ys_rs60__limix.log,steel_strength,YS,Yield Strength,60,TFM,open
steel_ys_rs60,mitra,OK,5,83.9567878,0.0,0.844542464,1.11022302e-16,116.301397,1.42108547e-14,5.90356976,0.0,0.440193796,0.738194291,results/logs_open/steel_ys_rs60__mitra.log,steel_strength,YS,Yield Strength,60,TFM,open
steel_ys_rs60,mlp,OK,5,114.886008,13.7616807,0.424455822,0.096618814,223.045196,18.1014151,8.6523038,0.840126098,7.92255831,4.833362,results/logs_open/steel_ys_rs60__mlp.log,steel_strength,YS,Yield Strength,60,Deep,open
steel_ys_rs60,modernNCA,OK,5,88.744039,7.68497984,0.804672227,0.0266243721,130.043011,9.15702187,6.38366778,0.59818814,5.91715498,3.18184716,results/logs_open/steel_ys_rs60__modernNCA.log,steel_strength,YS,Yield Strength,60,Deep,open
steel_ys_rs60,realmlp,OK,5,90.4477963,4.12693195,0.799578132,0.0222993291,131.845921,7.41044613,6.51017632,0.24213291,3.08132548,0.298694954,results/logs_open/steel_ys_rs60__realmlp.log,steel_strength,YS,Yield Strength,60,Deep,open
steel_ys_rs60,resnet,OK,5,99.2316398,3.173676,0.605796838,0.143150556,182.006266,34.2412152,7.31563399,0.449377742,8.19508085,2.09654681,results/logs_open/steel_ys_rs60__resnet.log,steel_strength,YS,Yield Strength,60,Deep,open
steel_ys_rs60,tabm,OK,5,162.228338,2.70103092,0.389108938,0.0131501789,230.534496,2.47399896,11.0911373,0.185607225,10.175354,1.41358492,results/logs_open/steel_ys_rs60__tabm.log,steel_strength,YS,Yield Strength,60,Deep,open
steel_ys_rs60,tabpfn_v2,OK,5,75.6965256,0.311880381,0.857160882,0.00254122991,111.477087,0.986703066,5.36534736,0.0230521265,7.42207966,14.2792609,results/logs_open/steel_ys_rs60__tabpfn_v2.log,steel_strength,YS,Yield Strength,60,TFM,open
steel_ys_rs60,tabpfn_v3,OK,5,75.4457642,0.576275903,0.859065079,0.00109581624,110.735041,0.430304185,5.35175135,0.0369398747,0.67990284,0.477700498,results/logs_open/steel_ys_rs60__tabpfn_v3.log,steel_strength,YS,Yield Strength,60,TFM,open
steel_ys_rs60,xgboost,OK,5,104.828677,17.4597338,0.736725178,0.0757476725,149.818766,21.4777731,7.22255363,1.14838897,0.3148819,0.32843925,results/logs_open/steel_ys_rs60__xgboost.log,steel_strength,YS,Yield Strength,60,Classical,open
steel_ys_rs70,catboost,OK,5,74.0788079,2.25710927,0.822449918,0.012126043,110.553879,3.77727744,5.26816666,0.144817706,13.77356873,3.20004335,results/logs_open/steel_ys_rs70__catboost.log,steel_strength,YS,Yield Strength,70,Classical,open
steel_ys_rs70,ftt,OK,5,95.1195231,9.32380669,0.741641879,0.0523848435,132.777596,13.2544536,6.79759241,0.658357555,23.1591897,4.33190465,results/logs_open/steel_ys_rs70__ftt.log,steel_strength,YS,Yield Strength,70,Deep,open
steel_ys_rs70,lightgbm,OK,5,91.204882,0.172196221,0.763147013,0.000207792693,127.763347,0.056040554,6.58131381,0.0142650299,3.58759303,1.18789229,results/logs_open/steel_ys_rs70__lightgbm.log,steel_strength,YS,Yield Strength,70,Classical,open
steel_ys_rs70,limix,OK,5,79.4384744,1.48816577,0.821534481,0.00484668016,110.892923,1.5093082,5.63790001,0.11296242,0.590487862,0.359999111,results/logs_open/steel_ys_rs70__limix.log,steel_strength,YS,Yield Strength,70,TFM,open
steel_ys_rs70,mitra,OK,5,68.7635816,0.0,0.860930071,1.11022302e-16,97.9001836,0.0,4.88388907,0.0,0.25881753,0.372999761,results/logs_open/steel_ys_rs70__mitra.log,steel_strength,YS,Yield Strength,70,TFM,open
steel_ys_rs70,mlp,OK,5,115.158072,6.78843229,-0.321821465,0.301375539,299.862819,34.3484334,8.98952918,0.240744853,7.32609868,0.51486376,results/logs_open/steel_ys_rs70__mlp.log,steel_strength,YS,Yield Strength,70,Deep,open
steel_ys_rs70,modernNCA,OK,5,87.7448933,7.56899755,0.728000489,0.0494335885,136.347769,12.4497506,6.20664788,0.555747057,1.35788827,0.507518057,results/logs_open/steel_ys_rs70__modernNCA.log,steel_strength,YS,Yield Strength,70,Deep,open
steel_ys_rs70,realmlp,OK,5,91.5444108,3.15487265,0.732945498,0.0161877616,135.601903,4.12712326,6.64957631,0.259025334,2.9243587,0.859154693,results/logs_open/steel_ys_rs70__realmlp.log,steel_strength,YS,Yield Strength,70,Deep,open
steel_ys_rs70,resnet,OK,5,108.74791,4.87273658,-0.246417637,0.257536168,291.417181,31.2547251,8.58538297,0.234965879,20.2270107,2.56838349,results/logs_open/steel_ys_rs70__resnet.log,steel_strength,YS,Yield Strength,70,Deep,open
steel_ys_rs70,tabm,OK,5,112.471975,29.6684023,0.583056077,0.213779636,165.180466,38.0844914,7.92974905,1.96934392,17.9499989,7.50449326,results/logs_open/steel_ys_rs70__tabm.log,steel_strength,YS,Yield Strength,70,Deep,open
steel_ys_rs70,tabpfn_v2,OK,5,74.8062798,0.391002713,0.841383268,0.00179961022,104.552496,0.592947096,5.30721699,0.0219478389,2.45856996,4.36444103,results/logs_open/steel_ys_rs70__tabpfn_v2.log,steel_strength,YS,Yield Strength,70,TFM,open
steel_ys_rs70,tabpfn_v3,OK,5,78.8630344,0.640180846,0.792024992,0.0027056718,119.719055,0.778591971,5.57908038,0.0447811498,0.661889791,0.309175431,results/logs_open/steel_ys_rs70__tabpfn_v3.log,steel_strength,YS,Yield Strength,70,TFM,open
steel_ys_rs70,xgboost,OK,5,87.6690626,2.2682838,0.753974172,0.0265214296,130.028766,6.9405785,6.12551535,0.136049319,0.3243022,0.38301779,results/logs_open/steel_ys_rs70__xgboost.log,steel_strength,YS,Yield Strength,70,Classical,open
steel_ys_rs80,catboost,OK,5,78.2617025,3.39755828,0.635694025,0.0115052222,127.778017,2.02953196,5.70086611,0.265240604,13.08065176,4.33516778,results/logs_open/steel_ys_rs80__catboost.log,steel_strength,YS,Yield Strength,80,Classical,open
steel_ys_rs80,ftt,OK,5,82.6700516,10.7764226,0.679386102,0.0985370013,118.495796,18.2052364,5.9318745,0.746909073,36.048545,10.1222894,results/logs_open/steel_ys_rs80__ftt.log,steel_strength,YS,Yield Strength,80,Deep,open
steel_ys_rs80,lightgbm,OK,5,94.7780617,0.261226572,0.635343309,0.00176393386,127.855258,0.309661175,6.78857579,0.0176253132,3.37860799,0.53388697,results/logs_open/steel_ys_rs80__lightgbm.log,steel_strength,YS,Yield Strength,80,Classical,open
steel_ys_rs80,limix,OK,5,88.0565755,2.79474638,0.596047077,0.0131802755,134.550446,2.19943664,6.30930655,0.208399134,0.56216526,0.32320793,results/logs_open/steel_ys_rs80__limix.log,steel_strength,YS,Yield Strength,80,TFM,open
steel_ys_rs80,mitra,OK,5,67.7385603,0.0,0.799728183,0.0,94.7518485,0.0,5.00669334,0.0,0.241207504,0.332113214,results/logs_open/steel_ys_rs80__mitra.log,steel_strength,YS,Yield Strength,80,TFM,open
steel_ys_rs80,mlp,OK,5,71.8217463,0.897493718,0.664736564,0.0135613777,122.5692,2.48883857,5.17235558,0.0450133139,18.7785856,3.92236467,results/logs_open/steel_ys_rs80__mlp.log,steel_strength,YS,Yield Strength,80,Deep,open
steel_ys_rs80,modernNCA,OK,5,92.4969321,9.96532937,0.562048861,0.0784623947,139.598255,12.0449243,6.66574137,0.777850666,2.61685524,0.662245685,results/logs_open/steel_ys_rs80__modernNCA.log,steel_strength,YS,Yield Strength,80,Deep,open
steel_ys_rs80,realmlp,OK,5,81.5800011,7.04709673,0.716561156,0.0626201732,112.08332,11.9794329,5.8857812,0.505787624,2.8239759,0.179630317,results/logs_open/steel_ys_rs80__realmlp.log,steel_strength,YS,Yield Strength,80,Deep,open
steel_ys_rs80,resnet,OK,5,74.8057508,1.65215062,0.638999945,0.0435413497,126.992753,7.48206808,5.44633968,0.0963167807,12.9113598,4.26384234,results/logs_open/steel_ys_rs80__resnet.log,steel_strength,YS,Yield Strength,80,Deep,open
steel_ys_rs80,tabm,OK,5,89.4862853,2.21331256,0.652779239,0.0230451376,124.691952,4.16544547,6.48154361,0.147304539,36.1753722,8.89972993,results/logs_open/steel_ys_rs80__tabm.log,steel_strength,YS,Yield Strength,80,Deep,open
steel_ys_rs80,tabpfn_v2,OK,5,75.2923716,0.633914643,0.717024496,0.00988120376,112.612391,1.96360589,5.44007746,0.0394804408,1.40330057,2.22427833,results/logs_open/steel_ys_rs80__tabpfn_v2.log,steel_strength,YS,Yield Strength,80,TFM,open
steel_ys_rs80,tabpfn_v3,OK,5,83.4633848,0.816020032,0.597145613,0.00813145237,134.378414,1.36209477,6.03547685,0.0610330645,0.584403658,0.327357117,results/logs_open/steel_ys_rs80__tabpfn_v3.log,steel_strength,YS,Yield Strength,80,TFM,open
steel_ys_rs80,xgboost,OK,5,86.594057,7.68142538,0.63984781,0.0342136945,126.919782,6.04161339,6.32085894,0.547031228,0.36780624,0.31374216,results/logs_open/steel_ys_rs80__xgboost.log,steel_strength,YS,Yield Strength,80,Classical,open
